step,step_over_d,step_over_d2,representation_error,generalization_error
0,0.0,0.0,1.00627012192627,0.27437563087593986
100,0.5,0.0025,1.006263660602743,0.2743743798124662
200,1.0,0.005,1.0062577066719975,0.2743732685961952
300,1.5,0.0075,1.0062512211189483,0.27437181902927915
400,2.0,0.01,1.0062449392653698,0.27437059513851964
500,2.5,0.0125,1.0062389595671482,0.27436942361001043
600,3.0,0.015,1.0062331665135753,0.274368112362316
700,3.5,0.0175,1.0062271277677268,0.2743667805455382
800,4.0,0.02,1.0062214240926395,0.27436550060553233
900,4.5,0.0225,1.0062154434909318,0.2743640076301943
1000,5.0,0.025,1.0062091441204373,0.274362668859786
1100,5.5,0.0275,1.0062027523917272,0.2743612760332263
1200,6.0,0.03,1.0061961755931879,0.2743598968947944
1300,6.5,0.0325,1.0061897856393478,0.27435844240667007
1400,7.0,0.035,1.0061835187284063,0.2743571235709003
1500,7.5,0.0375,1.006177430684976,0.27435590046045616
1600,8.0,0.04,1.006170914936285,0.2743545241022041
1700,8.5,0.0425,1.0061645910358112,0.27435332426181086
1800,9.0,0.045,1.0061588195431235,0.2743519767345843
1900,9.5,0.0475,1.0061528949270029,0.2743505916420665
2000,10.0,0.05,1.0061469112782742,0.2743495392180084
2100,10.5,0.0525,1.0061407778882232,0.27434843979977563
2200,11.0,0.055,1.0061349120159389,0.2743471158883809
2300,11.5,0.0575,1.006129307104207,0.27434604463845913
2400,12.0,0.06,1.0061231759866132,0.2743446799231414
2500,12.5,0.0625,1.0061169359737165,0.27434330874513785
2600,13.0,0.065,1.0061107959985844,0.27434202767048327
2700,13.5,0.0675,1.0061044694112538,0.27434051650523833
2800,14.0,0.07,1.0060981318431401,0.27433915271237924
2900,14.5,0.0725,1.0060919367373626,0.27433800611970494
3000,15.0,0.075,1.0060856040075585,0.2743367261838375
3100,15.5,0.0775,1.0060793996487776,0.274335260662151
3200,16.0,0.08,1.0060731185396907,0.2743339237119986
3300,16.5,0.0825,1.0060674107578536,0.27433269444507535
3400,17.0,0.085,1.0060615806643987,0.2743315615419055
3500,17.5,0.0875,1.0060554619674043,0.2743302248332278
3600,18.0,0.09,1.0060497279312288,0.27432901417456684
3700,18.5,0.0925,1.006043814165464,0.2743278261681888
3800,19.0,0.095,1.0060376052430209,0.2743265471509784
3900,19.5,0.0975,1.0060318330454727,0.2743251761943412
4000,20.0,0.1,1.0060252375466268,0.2743238706538499
4100,20.5,0.1025,1.0060191787743638,0.2743225745073119
4200,21.0,0.105,1.0060131477790004,0.274321484294974
4300,21.5,0.1075,1.0060068192936136,0.2743201821625816
4400,22.0,0.11,1.0060008689099802,0.27431899905428964
4500,22.5,0.1125,1.0059948678274897,0.27431787333111163
4600,23.0,0.115,1.0059887647161176,0.27431655113848513
4700,23.5,0.1175,1.0059826559999057,0.2743151772299307
4800,24.0,0.12,1.005976401649849,0.27431394290417827
4900,24.5,0.1225,1.0059694787198328,0.27431229392946793
5000,25.0,0.125,1.00596356185367,0.27431116429156255
5100,25.5,0.1275,1.0059574440894548,0.27430988759517616
5200,26.0,0.13,1.0059513006325869,0.2743086942774606
5300,26.5,0.1325,1.0059454783535353,0.27430735468397366
5400,27.0,0.135,1.0059395145650012,0.2743060741858763
5500,27.5,0.1375,1.0059331950892114,0.27430484558478613
5600,28.0,0.14,1.0059274959019469,0.274303673616436
5700,28.5,0.1425,1.0059212521441905,0.27430251158819174
5800,29.0,0.145,1.0059155111274158,0.2743014291873265
5900,29.5,0.1475,1.0059092353165209,0.2743001353713304
6000,30.0,0.15,1.0059033279488367,0.2742989474518313
6100,30.5,0.1525,1.005897752383645,0.2742977106582605
6200,31.0,0.155,1.0058919065618692,0.27429649627935765
6300,31.5,0.1575,1.0058855838791734,0.27429485011847327
6400,32.0,0.16,1.00588044172932,0.27429368701985846
6500,32.5,0.1625,1.0058743337804297,0.2742923494216599
6600,33.0,0.165,1.005868118475825,0.2742909956946983
6700,33.5,0.1675,1.005862157112113,0.27428984345035873
6800,34.0,0.17,1.0058569216909532,0.2742888369822815
6900,34.5,0.1725,1.0058507359715076,0.27428751819806174
7000,35.0,0.175,1.0058446190403607,0.27428624986617206
7100,35.5,0.1775,1.0058382122675085,0.2742849390403357
7200,36.0,0.18,1.0058316686009687,0.27428349254118795
7300,36.5,0.1825,1.0058256859628232,0.27428207954591416
7400,37.0,0.185,1.005819395125991,0.2742806131013495
7500,37.5,0.1875,1.0058132445438477,0.2742792235001051
7600,38.0,0.19,1.0058076692401545,0.274278082825765
7700,38.5,0.1925,1.0058012186447634,0.274276876392127
7800,39.0,0.195,1.0057948805666945,0.27427553358429124
7900,39.5,0.1975,1.0057885680595544,0.27427428293727824
8000,40.0,0.2,1.0057823950747133,0.27427316593190165
8100,40.5,0.2025,1.005776110582455,0.2742717233893319
8200,41.0,0.205,1.0057697284914753,0.27427035719178
8300,41.5,0.2075,1.005763285066855,0.27426911027411893
8400,42.0,0.21,1.0057577307601344,0.27426802681863005
8500,42.5,0.2125,1.00575165059324,0.2742666589646992
8600,43.0,0.215,1.0057454263437695,0.2742651611526976
8700,43.5,0.2175,1.0057393400061243,0.2742642623323997
8800,44.0,0.22,1.005733994946446,0.2742631686640206
8900,44.5,0.2225,1.0057283431317565,0.27426194421747524
9000,45.0,0.225,1.0057219596711184,0.2742606089860662
9100,45.5,0.2275,1.0057153758278357,0.27425934244911826
9200,46.0,0.23,1.0057091079791325,0.2742579225138678
9300,46.5,0.2325,1.005702634496848,0.274256375547125
9400,47.0,0.235,1.0056962777447989,0.2742549756219985
9500,47.5,0.2375,1.0056900782415885,0.2742536693236172
9600,48.0,0.24,1.0056838662297571,0.27425233359204376
9700,48.5,0.2425,1.0056774162371662,0.27425091424610115
9800,49.0,0.245,1.005671156261025,0.27424963865274615
9900,49.5,0.2475,1.005665434865149,0.2742485051659229
10000,50.0,0.25,1.0056592789656338,0.27424737520395986
10100,50.5,0.2525,1.005652415209414,0.2742461574213845
10200,51.0,0.255,1.0056464763311976,0.2742450624915795
10300,51.5,0.2575,1.0056400808548538,0.27424350223519905
10400,52.0,0.26,1.0056336409684046,0.27424215014635295
10500,52.5,0.2625,1.005626942832549,0.27424081586870047
10600,53.0,0.265,1.0056203085512307,0.27423944617755786
10700,53.5,0.2675,1.0056141125324043,0.27423833597203084
10800,54.0,0.27,1.0056083550602017,0.27423714580537756
10900,54.5,0.2725,1.0056025482710196,0.2742359000627092
11000,55.0,0.275,1.0055966828193088,0.274234770615666
11100,55.5,0.2775,1.005590889053953,0.27423361064925716
11200,56.0,0.28,1.0055849426663532,0.2742323988311413
11300,56.5,0.2825,1.0055791108651462,0.2742310033698841
11400,57.0,0.285,1.005572654420535,0.27422970929880824
11500,57.5,0.2875,1.0055665289728923,0.2742284126574355
11600,58.0,0.29,1.0055604361251895,0.27422713937313525
11700,58.5,0.2925,1.0055548314804565,0.2742259726235889
11800,59.0,0.295,1.0055488892441646,0.274224952438639
11900,59.5,0.2975,1.005543085540839,0.2742237631559488
12000,60.0,0.3,1.0055369728996986,0.27422240292799005
12100,60.5,0.3025,1.0055310252703322,0.2742213483787187
12200,61.0,0.305,1.0055250259557085,0.27421999255219615
12300,61.5,0.3075,1.0055184891716276,0.2742185968561204
12400,62.0,0.31,1.0055124677269032,0.27421748354073927
12500,62.5,0.3125,1.005505821942411,0.27421614188314875
12600,63.0,0.315,1.0055004432389014,0.27421500888240236
12700,63.5,0.3175,1.0054937973930493,0.2742136677385308
12800,64.0,0.32,1.0054875228318434,0.27421235566696633
12900,64.5,0.3225,1.0054813428046796,0.27421106237101367
13000,65.0,0.325,1.0054756722683664,0.27420987708296035
13100,65.5,0.3275,1.0054697317184809,0.2742085739331212
13200,66.0,0.33,1.0054641936437243,0.2742073154781614
13300,66.5,0.3325,1.0054582915201005,0.27420606451164126
13400,67.0,0.335,1.0054522982808947,0.2742046596928718
13500,67.5,0.3375,1.005445591599395,0.2742034212180917
13600,68.0,0.34,1.0054397925945517,0.2742020627397003
13700,68.5,0.3425,1.0054335258797364,0.2742008286338103
13800,69.0,0.345,1.005427414697203,0.2741994233718373
13900,69.5,0.3475,1.0054213994674768,0.2741981274532919
14000,70.0,0.35,1.0054154364206354,0.2741967530335674
14100,70.5,0.3525,1.005409647911888,0.2741955743494312
14200,71.0,0.355,1.0054032033785043,0.2741941715905085
14300,71.5,0.3575,1.0053969080082228,0.2741930671860815
14400,72.0,0.36,1.0053904348864238,0.2741916877885935
14500,72.5,0.3625,1.0053843356270895,0.27419052844917585
14600,73.0,0.365,1.0053781383798321,0.27418931875576685
14700,73.5,0.3675,1.005372027405073,0.27418800033926427
14800,74.0,0.37,1.0053657552308726,0.2741868377956912
14900,74.5,0.3725,1.00535960333179,0.27418547141871064
15000,75.0,0.375,1.0053539462930994,0.2741842337644859
15100,75.5,0.3775,1.0053479042521758,0.27418300435263165
15200,76.0,0.38,1.0053414636388853,0.2741816391682279
15300,76.5,0.3825,1.0053353364721824,0.27418043481034654
15400,77.0,0.385,1.005329479926564,0.2741790583295932
15500,77.5,0.3875,1.0053235700013348,0.274177668537274
15600,78.0,0.39,1.0053173153991934,0.2741765365686617
15700,78.5,0.3925,1.0053114818408984,0.2741751441962543
15800,79.0,0.395,1.0053060059727152,0.2741741308625307
15900,79.5,0.3975,1.005299365245447,0.2741728239875491
16000,80.0,0.4,1.0052928477742686,0.27417142289990254
16100,80.5,0.4025,1.0052861906603017,0.2741701209218477
16200,81.0,0.405,1.0052797969564744,0.2741685837653238
16300,81.5,0.4075,1.005274065818456,0.27416750314408195
16400,82.0,0.41,1.0052680845536142,0.2741663383165792
16500,82.5,0.4125,1.005261758900429,0.27416524821658145
16600,83.0,0.415,1.005255487317735,0.27416399260514146
16700,83.5,0.4175,1.0052496718760926,0.27416275466749973
16800,84.0,0.42,1.0052436428889622,0.2741615941939551
16900,84.5,0.4225,1.0052377573074265,0.2741603855872205
17000,85.0,0.425,1.0052314863569003,0.27415907288434377
17100,85.5,0.4275,1.005225941608847,0.27415793383241094
17200,86.0,0.43,1.0052194694979095,0.27415662957703074
17300,86.5,0.4325,1.0052133071343663,0.27415533810228343
17400,87.0,0.435,1.0052075115615187,0.2741542579934055
17500,87.5,0.4375,1.0052020336097491,0.27415306679704415
17600,88.0,0.44,1.0051959610041725,0.2741517958369332
17700,88.5,0.4425,1.0051899829923083,0.27415068209307525
17800,89.0,0.445,1.00518354870508,0.2741493980887406
17900,89.5,0.4475,1.005177311777253,0.2741480187079713
18000,90.0,0.45,1.0051711823130005,0.2741467242073108
18100,90.5,0.4525,1.0051652232812052,0.27414529748914934
18200,91.0,0.455,1.005159253113368,0.2741438921138786
18300,91.5,0.4575,1.0051533226924383,0.27414270293901244
18400,92.0,0.46,1.0051475517013946,0.2741413755272301
18500,92.5,0.4625,1.0051416055076525,0.2741402929118043
18600,93.0,0.465,1.0051359551360584,0.2741393088842599
18700,93.5,0.4675,1.0051291787448808,0.2741379703224735
18800,94.0,0.47,1.0051228431599946,0.2741369072880521
18900,94.5,0.4725,1.0051167439715736,0.27413552684204046
19000,95.0,0.475,1.0051106364755176,0.27413426765882015
19100,95.5,0.4775,1.0051042197872098,0.2741327996673314
19200,96.0,0.48,1.0050981604659799,0.2741317728472857
19300,96.5,0.4825,1.0050920661798974,0.2741306351153719
19400,97.0,0.485,1.0050859398870124,0.2741292320314155
19500,97.5,0.4875,1.0050799937134804,0.27412807204480477
19600,98.0,0.49,1.005073648789615,0.27412691232451547
19700,98.5,0.4925,1.0050673747704002,0.27412576244843434
19800,99.0,0.495,1.005061150560317,0.2741246228633582
19900,99.5,0.4975,1.005054704163894,0.2741233643207742
20000,100.0,0.5,1.0050484543461675,0.27412203448895467
20100,100.5,0.5025,1.0050426352447055,0.2741208816638321
20200,101.0,0.505,1.0050361887479489,0.2741195410746205
20300,101.5,0.5075,1.0050304408413602,0.27411830355878525
20400,102.0,0.51,1.0050239335454125,0.2741169887702905
20500,102.5,0.5125,1.0050175068626097,0.27411562737090395
20600,103.0,0.515,1.0050116320320859,0.27411449030431273
20700,103.5,0.5175,1.0050052488608359,0.27411306504778316
20800,104.0,0.52,1.004998663991316,0.27411169973014843
20900,104.5,0.5225,1.004992630275665,0.2741104921063776
21000,105.0,0.525,1.0049863156268735,0.2741091033579285
21100,105.5,0.5275,1.0049800143713343,0.27410767348726
21200,106.0,0.53,1.0049740188392258,0.27410649204081666
21300,106.5,0.5325,1.0049674366587558,0.2741052818363574
21400,107.0,0.535,1.004961919530099,0.27410404250011905
21500,107.5,0.5375,1.0049555237572145,0.27410277543081163
21600,108.0,0.54,1.0049490662105542,0.2741014303741726
21700,108.5,0.5425,1.0049427014522807,0.274100195618458
21800,109.0,0.545,1.0049362502600865,0.2740986932707315
21900,109.5,0.5475,1.0049295425197389,0.2740973719453222
22000,110.0,0.55,1.004923341896089,0.27409616407103077
22100,110.5,0.5525,1.004917226864943,0.274094835419397
22200,111.0,0.555,1.0049108338099721,0.274093566900866
22300,111.5,0.5575,1.0049044180199762,0.2740922654855466
22400,112.0,0.56,1.004898069444988,0.27409107490078066
22500,112.5,0.5625,1.004891471195623,0.2740897047585008
22600,113.0,0.565,1.0048848400747903,0.27408829175692373
22700,113.5,0.5675,1.0048785734823809,0.2740870691165102
22800,114.0,0.57,1.004872324457279,0.27408586715132427
22900,114.5,0.5725,1.0048661924945974,0.27408458865336366
23000,115.0,0.575,1.0048599595659626,0.2740832595171109
23100,115.5,0.5775,1.0048542674928207,0.27408201677695637
23200,116.0,0.58,1.0048484430697568,0.2740807630921878
23300,116.5,0.5825,1.0048414728699842,0.2740793194970764
23400,117.0,0.585,1.0048361488617723,0.2740783162240916
23500,117.5,0.5875,1.004830089680464,0.27407719111186357
23600,118.0,0.59,1.0048240499999215,0.2740761352519614
23700,118.5,0.5925,1.0048178532387284,0.27407490221775366
23800,119.0,0.595,1.0048116983278073,0.2740735710295285
23900,119.5,0.5975,1.0048052661551063,0.274072120865923
24000,120.0,0.6,1.0047994367963262,0.2740710776884352
24100,120.5,0.6025,1.0047928651966034,0.2740696460598325
24200,121.0,0.605,1.0047867629246918,0.2740682137532319
24300,121.5,0.6075,1.004780708582676,0.2740667684302857
24400,122.0,0.61,1.0047745383144004,0.27406545448658337
24500,122.5,0.6125,1.0047684529242276,0.2740641813448848
24600,123.0,0.615,1.0047627388321312,0.2740629151945186
24700,123.5,0.6175,1.004756575017354,0.27406158494455934
24800,124.0,0.62,1.0047505360674365,0.2740604284138057
24900,124.5,0.6225,1.0047443124874278,0.2740591330443206
25000,125.0,0.625,1.004737982450959,0.2740576675469458
25100,125.5,0.6275,1.0047317743884017,0.27405640529494474
25200,126.0,0.63,1.0047252018341217,0.27405516546477027
25300,126.5,0.6325,1.004719033226764,0.2740539815314801
25400,127.0,0.635,1.0047129425267762,0.2740526443879247
25500,127.5,0.6375,1.0047072463706634,0.2740514389348803
25600,128.0,0.64,1.0047010187853485,0.2740500181138121
25700,128.5,0.6425,1.0046949109076542,0.27404878361633805
25800,129.0,0.645,1.0046885772573935,0.2740474110373899
25900,129.5,0.6475,1.0046819236637463,0.2740460656523128
26000,130.0,0.65,1.0046763396828022,0.27404501030844947
26100,130.5,0.6525,1.0046703966845074,0.27404386267429265
26200,131.0,0.655,1.0046641378851418,0.27404252046753363
26300,131.5,0.6575,1.004657869333764,0.27404138895891705
26400,132.0,0.66,1.0046519026579128,0.27404009310041016
26500,132.5,0.6625,1.0046457617847415,0.2740387322729976
26600,133.0,0.665,1.0046395089902012,0.2740374903169777
26700,133.5,0.6675,1.0046331506053388,0.2740362197635871
26800,134.0,0.67,1.004627084117737,0.27403499352926786
26900,134.5,0.6725,1.004621138813533,0.27403369512104514
27000,135.0,0.675,1.004614688024838,0.2740324053581799
27100,135.5,0.6775,1.004608728924343,0.27403120938271386
27200,136.0,0.68,1.004602545993776,0.2740300309395631
27300,136.5,0.6825,1.0045966052747626,0.27402879266721775
27400,137.0,0.685,1.0045905897322183,0.27402745966748193
27500,137.5,0.6875,1.0045845711541344,0.27402618168229465
27600,138.0,0.69,1.0045785026305478,0.27402483414241924
27700,138.5,0.6925,1.0045723368134232,0.2740233988186249
27800,139.0,0.695,1.0045662354850635,0.27402213842813833
27900,139.5,0.6975,1.0045605291733313,0.27402093343117345
28000,140.0,0.7,1.0045543464165925,0.2740197101489423
28100,140.5,0.7025,1.0045478973273652,0.2740184319844174
28200,141.0,0.705,1.0045415908307187,0.27401726406547106
28300,141.5,0.7075,1.0045357539753137,0.2740161593050427
28400,142.0,0.71,1.0045296956190657,0.27401495524083563
28500,142.5,0.7125,1.0045232559293065,0.2740134602711956
28600,143.0,0.715,1.0045168521683734,0.2740122177884781
28700,143.5,0.7175,1.004511015192199,0.2740108317023676
28800,144.0,0.72,1.004505076332023,0.27400957647669105
28900,144.5,0.7225,1.0044991465852104,0.2740083515021739
29000,145.0,0.725,1.004493262120952,0.27400715923643937
29100,145.5,0.7275,1.0044868773728985,0.27400572652391486
29200,146.0,0.73,1.0044811918343997,0.2740044896447315
29300,146.5,0.7325,1.004475219918134,0.2740033188570251
29400,147.0,0.735,1.0044692793584051,0.27400205524413696
29500,147.5,0.7375,1.0044635312676908,0.27400082014199234
29600,148.0,0.74,1.0044578009345537,0.2739997638467413
29700,148.5,0.7425,1.0044519897596287,0.2739985123608231
29800,149.0,0.745,1.004446224782143,0.27399727927209183
29900,149.5,0.7475,1.004440267753658,0.27399621711083966
30000,150.0,0.75,1.0044334873652117,0.27399478552185713
30100,150.5,0.7525,1.0044275125401765,0.27399364123073894
30200,151.0,0.755,1.0044213026293414,0.27399234360278424
30300,151.5,0.7575,1.0044151047398986,0.2739910950821079
30400,152.0,0.76,1.0044086629117546,0.2739898196012287
30500,152.5,0.7625,1.0044024550317814,0.2739886171294472
30600,153.0,0.765,1.0043963680671006,0.2739873603986171
30700,153.5,0.7675,1.004389629653818,0.2739860870115359
30800,154.0,0.77,1.0043837112321545,0.2739849338331409
30900,154.5,0.7725,1.0043775796970043,0.27398353179347007
31000,155.0,0.775,1.0043714369982606,0.27398247542239296
31100,155.5,0.7775,1.004365339057357,0.2739812207876119
31200,156.0,0.78,1.004359113746453,0.2739798440477949
31300,156.5,0.7825,1.0043532501269512,0.27397875121606036
31400,157.0,0.785,1.004346781546738,0.2739773396264971
31500,157.5,0.7875,1.004341043703305,0.2739761576850576
31600,158.0,0.79,1.0043349773630823,0.2739748910847555
31700,158.5,0.7925,1.0043290075548932,0.273973557360302
31800,159.0,0.795,1.004323557991069,0.27397237368946104
31900,159.5,0.7975,1.0043169868023234,0.27397107481164623
32000,160.0,0.8,1.004311059061807,0.27396979586526377
32100,160.5,0.8025,1.004304854989277,0.27396852426145835
32200,161.0,0.805,1.004298579919907,0.2739673319906034
32300,161.5,0.8075,1.0042922259988933,0.2739658442178398
32400,162.0,0.81,1.0042862695785615,0.2739646039989471
32500,162.5,0.8125,1.004280006104431,0.27396349846076995
32600,163.0,0.815,1.0042736998814508,0.2739619607927966
32700,163.5,0.8175,1.0042667903563474,0.27396068047458605
32800,164.0,0.82,1.0042607499606628,0.2739594418689434
32900,164.5,0.8225,1.004254382224215,0.2739580413102611
33000,165.0,0.825,1.0042487712875554,0.27395679245368765
33100,165.5,0.8275,1.0042432589239934,0.27395567290359546
33200,166.0,0.83,1.0042379332943254,0.27395450604556165
33300,166.5,0.8325,1.0042318860424686,0.27395329167194793
33400,167.0,0.835,1.0042252074682183,0.27395186506744146
33500,167.5,0.8375,1.0042186597922713,0.27395040258606485
33600,168.0,0.84,1.0042124350847266,0.2739490458989407
33700,168.5,0.8425,1.004206434169957,0.2739479094168825
33800,169.0,0.845,1.004200706184626,0.27394660618034855
33900,169.5,0.8475,1.0041948526682445,0.2739455387867631
34000,170.0,0.85,1.0041887306246124,0.27394421284587006
34100,170.5,0.8525,1.0041817463532112,0.2739427260796668
34200,171.0,0.855,1.0041758789825068,0.2739416078267523
34300,171.5,0.8575,1.0041691820048888,0.27394041395980384
34400,172.0,0.86,1.004162793349292,0.2739392620612864
34500,172.5,0.8625,1.0041564681143316,0.2739379957045925
34600,173.0,0.865,1.004150531508812,0.2739367442500766
34700,173.5,0.8675,1.0041440044457537,0.2739354161772859
34800,174.0,0.87,1.0041376506252528,0.2739341424327951
34900,174.5,0.8725,1.0041313988104104,0.27393278810624927
35000,175.0,0.875,1.0041253059139337,0.27393141457344355
35100,175.5,0.8775,1.0041186847432981,0.2739300487782445
35200,176.0,0.88,1.0041123004373316,0.27392865377977615
35300,176.5,0.8825,1.004106417930471,0.27392742882632626
35400,177.0,0.885,1.0041000978845098,0.2739260950066045
35500,177.5,0.8875,1.004093969886137,0.27392494592855754
35600,178.0,0.89,1.004088123947457,0.27392386987593437
35700,178.5,0.8925,1.0040821095033854,0.2739227685525401
35800,179.0,0.895,1.0040763200315301,0.2739216994597514
35900,179.5,0.8975,1.0040705725306782,0.273920529202793
36000,180.0,0.9,1.0040642215169884,0.27391938923342907
36100,180.5,0.9025,1.0040581094845993,0.27391804650340246
36200,181.0,0.905,1.0040515649436297,0.27391659296743165
36300,181.5,0.9075,1.004045607579654,0.2739154753448268
36400,182.0,0.91,1.0040393426209442,0.2739141498389627
36500,182.5,0.9125,1.0040332848074072,0.2739129696950465
36600,183.0,0.915,1.0040264175407134,0.2739114896041345
36700,183.5,0.9175,1.0040198621408865,0.2739101503562416
36800,184.0,0.92,1.0040133465449885,0.27390881390471633
36900,184.5,0.9225,1.0040068912522873,0.2739074194674897
37000,185.0,0.925,1.0040005106541812,0.273906090792115
37100,185.5,0.9275,1.0039948885932886,0.2739048312572238
37200,186.0,0.93,1.0039889138102076,0.27390362084335274
37300,186.5,0.9325,1.0039829089010772,0.27390228033401054
37400,187.0,0.935,1.003976732212766,0.27390100210230534
37500,187.5,0.9375,1.0039704485974146,0.27389970543215314
37600,188.0,0.94,1.0039642175903507,0.27389840464010634
37700,188.5,0.9425,1.003957661131285,0.2738969991091381
37800,189.0,0.945,1.003951658611765,0.27389570973632077
37900,189.5,0.9475,1.003946066474652,0.2738946851093048
38000,190.0,0.95,1.0039399944383474,0.27389349481616526
38100,190.5,0.9525,1.0039332850539624,0.2738920576121539
38200,191.0,0.955,1.0039268412418036,0.27389072433434447
38300,191.5,0.9575,1.0039211426062136,0.27388954529716364
38400,192.0,0.96,1.0039150868482236,0.2738883340876491
38500,192.5,0.9625,1.0039094204946615,0.27388711526922227
38600,193.0,0.965,1.0039032503346017,0.2738859644696516
38700,193.5,0.9675,1.0038974497014443,0.2738847839490304
38800,194.0,0.97,1.0038906671660077,0.27388327688688935
38900,194.5,0.9725,1.0038845685583575,0.27388200938122564
39000,195.0,0.975,1.0038785374076205,0.2738805891448058
39100,195.5,0.9775,1.0038731487391808,0.273879442195949
39200,196.0,0.98,1.0038677973528363,0.27387840539776065
39300,196.5,0.9825,1.0038616108046745,0.2738770782132661
39400,197.0,0.985,1.0038550929698964,0.27387552003860993
39500,197.5,0.9875,1.003848500934769,0.27387403248412523
39600,198.0,0.99,1.0038430886310454,0.2738729264393594
39700,198.5,0.9925,1.0038364731277454,0.27387171161895274
39800,199.0,0.995,1.0038303410319895,0.273870473771977
39900,199.5,0.9975,1.003824727137522,0.27386938279525375
40000,200.0,1.0,1.003818914460481,0.2738681266750683
